date,GDXJ_x,XME,PICK,REMX,DBB,GLD,IAU,GDX,GDXJ_y
2009-11-30,81.287,48.9,,,20.93,115.64,23.148,51.11,108.88
2009-12-31,76.867,51.61,,,22.5,107.31,21.474,46.21,102.96
2010-01-31,66.206,46.17,,,19.8,105.96,21.204,40.72,88.68
2010-02-28,72.209,51.31,,,20.8,109.43,21.892,43.89,96.72
2010-03-31,76.807,56.81,,,22.51,108.95,21.806,44.41,102.88
2010-04-30,87.14,55.76,,,21.44,115.36,23.084,50.51,116.72
2010-05-31,81.078,51.39,,,19.09,118.88,23.778,49.86,108.6
2010-06-30,81.406,45.69,,,18.0,121.68,24.34,51.96,109.04
2010-07-31,79.644,49.89,,,20.11,115.49,23.12,48.22,106.68
2010-08-31,90.604,48.39,,,20.01,122.08,24.44,53.61,121.36
2010-09-30,99.742,53.48,,,21.9,127.91,25.6,55.93,133.6
2010-10-31,108.044,55.99,,247.32,22.75,132.62,26.56,57.3,144.72
2010-11-30,120.796,61.1,,239.28,21.47,135.42,27.12,59.5,161.8
2010-12-31,128.358,68.78,,288.0,24.43,138.72,27.8,61.47,159.56
2011-01-31,109.727,68.97,,280.32,24.5,129.87,26.02,53.92,136.4
2011-02-28,123.886,71.66,,296.76,25.35,137.66,27.58,59.83,154.0
2011-03-31,126.202,74.29,,315.6,24.42,139.86,28.04,60.1,156.88
2011-04-30,134.022,75.59,,332.16,24.09,152.37,30.54,62.2,166.6
2011-05-31,122.084,71.82,,328.8,24.0,149.64,29.98,58.15,151.76
2011-06-30,110.95,69.37,,309.6,23.88,146.0,29.28,54.59,137.92
2011-07-31,116.002,66.6,,300.12,25.07,158.29,31.74,56.89,144.2
2011-08-31,120.056,58.57,,261.6,23.23,177.72,35.64,62.8,149.24
2011-09-30,90.581,44.83,,184.32,18.55,158.06,31.66,55.19,112.6
2011-10-31,100.17,55.01,,219.24,20.1,167.34,33.54,58.83,124.52
2011-11-30,96.663,54.31,,209.88,19.97,170.13,34.12,60.41,120.16
2011-12-31,84.767,48.99,,179.04,18.65,151.99,30.46,51.43,98.8
2012-01-31,101.754,54.22,,212.4,20.91,169.31,33.96,56.46,118.6
2012-02-29,95.817,51.82,51.1,207.84,21.12,164.29,32.96,55.4,111.68
2012-03-31,84.252,49.72,47.2,205.92,20.09,162.12,32.54,49.54,98.2
2012-04-30,79.962,48.45,46.3,194.28,20.16,161.88,32.46,46.39,93.2
2012-05-31,66.303,39.4,38.72,161.88,18.29,151.62,30.42,43.78,77.28
2012-06-30,65.926,41.43,39.9,164.4,18.3,155.19,31.12,44.77,76.84
2012-07-31,65.96,39.8,39.04,153.24,17.88,156.49,31.44,42.83,76.88
2012-08-31,74.402,40.94,38.6,148.08,17.86,164.22,32.96,47.94,86.72
2012-09-30,84.835,43.52,41.1,156.12,19.8,171.89,34.54,53.69,98.88
2012-10-31,82.845,44.5,41.78,152.76,17.89,166.83,33.52,52.9,96.56
2012-11-30,73.991,42.42,41.78,150.48,19.23,166.05,33.36,47.55,86.24
2012-12-31,70.523,45.13,45.28,157.92,19.28,162.02,32.56,46.39,79.16
2013-01-31,67.351,43.87,45.48,155.28,19.45,161.2,32.4,41.62,75.6
2013-02-28,56.411,40.56,42.62,144.96,18.5,153.0,30.74,37.4,63.32
2013-03-31,59.654,40.39,39.88,132.36,17.54,154.45,31.04,37.85,66.96
2013-04-30,45.685,37.17,38.28,125.88,16.85,142.77,28.7,30.36,51.28
2013-05-31,42.834,37.65,37.34,130.68,17.17,133.92,26.92,29.5,48.08
2013-06-30,32.642,33.16,32.78,113.88,16.16,119.11,23.98,24.49,36.64
2013-07-31,36.054,35.67,35.62,117.9,16.27,127.96,25.72,26.99,40.47
2013-08-31,42.905,35.97,35.64,117.57,16.59,134.62,27.06,28.13,48.16
2013-09-30,36.295,36.65,39.54,125.58,16.73,128.18,25.78,25.02,40.74
2013-10-31,33.48,39.33,40.8,120.0,16.74,127.74,25.7,25.1,37.58
2013-11-30,28.954,39.07,39.52,112.92,15.99,120.7,24.26,22.28,32.5
2013-12-31,27.662,42.08,40.0,107.31,16.86,116.12,23.36,21.13,31.05
2014-01-31,31.529,39.89,37.32,104.94,15.9,120.09,24.14,23.48,35.39
2014-02-28,36.829,41.51,39.52,108.48,16.28,127.62,25.7,25.88,41.34
2014-03-31,32.268,41.73,38.84,106.41,15.87,123.61,24.88,23.61,36.22
2014-04-30,32.518,41.94,39.2,109.35,15.99,124.22,25.0,24.11,36.5
2014-05-31,30.388,39.23,39.14,103.5,16.27,120.43,24.26,22.5,34.11
2014-06-30,37.649,42.25,40.2,106.23,16.98,128.04,25.76,26.45,42.26
2014-07-31,37.061,41.4,41.92,109.59,17.73,123.39,24.84,25.91,41.6
2014-08-31,37.507,43.76,40.74,105.15,17.82,123.86,24.92,26.69,42.1
2014-09-30,29.952,36.79,36.48,89.94,16.91,116.21,23.4,21.36,33.62
2014-10-31,21.8,35.21,35.5,81.72,17.23,112.66,22.7,17.21,24.47
2014-11-30,22.45,33.89,33.8,78.75,16.53,112.11,22.58,18.36,25.2
2014-12-31,21.477,30.86,31.28,75.57,15.9,113.58,22.88,18.38,23.93
2015-01-31,24.897,27.12,28.6,71.34,15.09,123.45,24.86,22.29,27.74
2015-02-28,23.847,29.24,32.26,79.11,15.12,116.16,23.42,21.28,26.57
2015-03-31,20.373,27.19,29.42,75.09,15.16,113.66,22.9,18.24,22.7
2015-04-30,22.384,28.27,32.08,82.5,16.39,113.47,22.88,20.11,24.94
2015-05-31,23.048,27.15,30.88,78.21,15.23,114.1,23.02,19.58,25.68
2015-06-30,21.675,24.33,26.32,66.81,14.39,112.37,22.68,17.76,24.15
2015-07-31,17.358,20.25,23.44,58.23,13.47,104.93,21.16,13.75,19.34
2015-08-31,18.246,20.5,21.48,51.9,13.13,108.82,21.96,14.11,20.33
2015-09-30,17.582,16.72,18.82,44.64,12.71,106.86,21.56,13.74,19.59
2015-10-31,18.363,17.22,20.38,48.18,12.42,109.3,22.04,14.96,20.46
2015-11-30,16.99,16.08,18.22,46.14,11.51,101.92,20.56,13.76,18.93
2015-12-31,17.366,14.95,16.84,40.23,11.88,101.46,20.46,13.72,19.21
2016-01-31,17.258,13.91,14.74,35.34,11.71,106.95,21.56,14.21,19.09
2016-02-29,23.477,16.69,16.52,39.42,12.31,118.64,23.98,19.38,25.97
2016-03-31,25.177,20.46,19.24,43.89,12.42,117.64,23.76,19.97,27.85
2016-04-30,34.823,24.62,22.24,48.36,13.24,123.65,24.96,25.83,38.52
2016-05-31,30.556,22.03,19.24,48.87,12.5,116.06,23.44,22.58,33.8
2016-06-30,38.511,24.41,20.14,49.68,13.42,126.47,25.52,27.71,42.6
2016-07-31,45.264,29.02,22.36,51.81,13.73,128.98,26.04,30.59,50.07
2016-08-31,37.752,25.68,21.58,50.88,13.54,124.78,25.2,25.49,41.76
2016-09-30,40.039,26.52,23.34,48.51,14.05,125.64,25.38,26.43,44.29
2016-10-31,36.775,25.47,24.14,48.15,14.4,121.94,24.64,24.52,40.68
2016-11-30,31.026,31.1,26.7,52.53,15.58,111.75,22.58,20.83,34.32
2016-12-31,30.038,30.41,25.74,51.03,14.92,109.61,22.16,20.92,31.55
2017-01-31,35.969,33.39,29.51,57.09,16.32,115.55,23.34,23.93,37.78
2017-02-28,35.16,32.36,28.53,58.38,16.45,119.23,24.08,22.85,36.93
2017-03-31,34.255,30.42,28.08,53.73,16.37,118.72,24.02,22.81,35.98
2017-04-30,30.685,29.8,27.18,51.21,15.91,120.77,24.42,22.23,32.23
2017-05-31,29.923,28.92,26.47,51.93,15.82,120.62,24.4,22.69,31.43
2017-06-30,31.78,29.97,26.99,52.53,16.38,118.02,23.88,22.08,33.38
2017-07-31,32.009,31.44,30.45,65.4,16.78,120.75,24.44,22.86,33.62
2017-08-31,34.351,32.39,32.09,69.96,18.45,125.82,25.44,24.72,36.08
2017-09-30,31.98,32.18,30.97,77.49,18.11,121.58,24.62,22.96,33.59
2017-10-31,30.457,31.67,31.71,81.36,18.84,120.67,24.42,22.48,31.99
2017-11-30,30.133,31.94,31.53,85.53,18.15,121.1,24.5,22.47,31.65
2017-12-31,32.505,36.37,34.63,90.27,19.41,123.65,25.02,23.24,34.13
2018-01-31,32.077,36.9,36.75,91.56,19.55,127.65,25.84,23.75,33.68
2018-02-28,29.886,36.06,35.33,90.15,19.03,125.0,25.32,21.35,31.38
2018-03-31,30.62,34.04,33.52,83.46,18.2,125.79,25.46,21.98,32.15
2018-04-30,30.963,34.97,34.29,81.9,18.62,124.59,25.24,22.28,32.51
2018-05-31,31.172,37.51,34.66,76.98,18.77,123.1,24.92,22.34,32.73
2018-06-30,31.143,35.47,32.63,69.33,17.59,118.65,24.04,22.31,32.7
2018-07-31,30.21,35.92,33.47,66.12,16.79,115.99,23.48,21.28,31.72
2018-08-31,26.324,33.94,30.79,60.24,16.29,113.51,23.0,18.55,27.64
2018-09-30,26.058,34.16,32.59,60.51,16.62,112.76,22.86,18.52,27.36
2018-10-31,26.02,30.57,29.52,53.34,15.89,115.15,23.34,18.93,27.32
2018-11-30,25.324,29.03,28.4,55.44,16.29,115.54,23.42,19.09,26.59
2018-12-31,28.922,26.19,26.98,40.68,15.39,121.25,24.58,21.09,30.22
2019-01-31,31.544,30.71,29.98,43.83,16.37,124.75,25.28,22.69,32.96
2019-02-28,31.018,30.95,30.61,47.85,16.69,123.99,25.16,22.24,32.41
2019-03-31,30.367,29.68,31.07,47.16,17.04,122.01,24.76,22.42,31.73
2019-04-30,28.07,28.83,30.82,42.99,16.55,121.2,24.58,20.89,29.33
2019-05-31,28.261,24.4,28.08,45.24,15.29,123.33,25.02,21.59,29.53
2019-06-30,33.458,28.38,30.29,45.57,15.5,133.2,27.0,25.56,34.96
2019-07-31,35.927,27.97,28.26,41.25,15.29,133.21,27.04,26.5,37.54
2019-08-31,39.287,25.46,25.58,36.6,14.49,143.75,29.12,29.86,41.05
2019-09-30,34.702,25.45,26.62,37.89,14.77,138.87,28.2,26.71,36.26
2019-10-31,37.526,26.31,27.42,37.23,15.27,142.43,28.92,28.15,39.21
2019-11-30,36.511,27.66,28.4,37.8,14.9,137.86,27.96,27.08,38.15
2019-12-31,40.618,29.29,29.73,40.29,14.94,142.9,29.0,29.28,42.26
2020-01-31,39.926,24.89,26.94,37.05,14.1,149.33,30.34,28.99,41.54
2020-02-29,34.65,22.13,23.5,32.94,13.69,148.38,30.14,26.22,36.05
2020-03-31,27.008,16.13,19.3,28.14,12.35,148.05,30.14,23.04,28.1
2020-04-30,38.792,19.33,21.3,31.36,12.48,158.8,32.22,32.26,40.36
2020-05-31,44.29,20.84,23.55,33.79,13.0,162.91,33.06,34.32,46.08
2020-06-30,47.654,21.19,24.53,34.13,13.61,167.37,33.98,36.68,49.58
2020-07-31,58.092,22.91,26.39,40.06,14.66,185.43,37.72,42.94,60.44
2020-08-31,57.852,24.81,27.81,41.03,15.6,184.83,37.54,42.27,60.19
2020-09-30,53.21,23.24,26.78,37.71,15.14,177.12,35.98,39.16,55.36
2020-10-31,51.143,24.43,26.66,40.29,15.59,176.2,35.78,37.49,53.21
2020-11-30,48.087,29.32,32.36,55.12,17.27,166.67,33.9,34.68,50.03
2020-12-31,52.965,33.44,36.85,65.82,17.26,178.36,36.26,36.02,54.24
2021-01-31,48.903,32.35,36.52,74.19,16.83,172.61,35.1,34.51,50.08
2021-02-28,44.685,35.86,41.54,83.28,18.7,161.81,32.88,31.13,45.76
2021-03-31,43.952,39.92,42.13,74.99,18.63,159.96,32.52,32.5,45.01
2021-04-30,46.335,40.46,45.81,79.81,20.19,165.66,33.7,34.36,47.45
2021-05-31,53.424,46.48,47.55,83.48,21.15,178.38,36.26,39.42,54.71
2021-06-30,45.651,43.06,45.17,84.96,20.22,165.63,33.71,33.98,46.75
2021-07-31,44.753,44.98,47.45,108.74,20.76,169.82,34.56,34.92,45.83
2021-08-31,42.097,44.29,45.54,118.34,20.83,169.69,34.53,32.6,43.11
2021-09-30,37.439,41.74,40.78,103.22,20.7,164.22,33.41,29.47,38.34
2021-10-31,42.253,43.62,42.43,118.17,21.42,166.65,33.93,31.71,43.27
2021-11-30,41.687,41.18,40.68,122.87,20.9,165.5,33.68,31.8,42.69
2021-12-31,41.712,44.78,42.62,112.19,22.26,170.96,34.81,32.03,41.93
2022-01-31,38.131,41.72,42.76,101.59,22.87,168.09,34.22,30.23,38.33
2022-02-28,42.906,52.62,47.99,110.76,24.43,178.38,36.31,34.38,43.13
2022-03-31,46.627,61.29,51.22,118.28,25.84,180.65,36.83,38.35,46.87
2022-04-30,42.727,56.21,45.47,95.3,23.77,176.91,36.04,34.99,42.95
2022-05-31,39.006,53.63,45.82,101.87,22.97,171.14,34.87,31.73,39.21
2022-06-30,31.834,43.4,35.62,86.8,19.42,168.46,34.31,27.38,32.0
2022-07-31,33.445,48.24,37.06,92.5,19.67,164.1,33.45,26.27,33.62
2022-08-31,29.456,49.13,36.54,96.21,19.51,159.27,32.46,23.8,29.61
2022-09-30,29.307,42.49,34.03,83.33,17.9,154.67,31.53,24.12,29.46
2022-10-31,29.347,48.5,35.26,85.47,17.58,151.91,30.98,24.16,29.5
2022-11-30,35.534,53.93,43.29,94.57,20.13,164.81,33.6,29.05,35.72
2022-12-31,35.65,49.81,41.0,76.16,19.45,169.64,34.59,28.66,35.65
2023-01-31,38.95,57.12,46.63,95.26,21.97,179.41,36.59,32.02,38.95
2023-02-28,33.79,56.21,42.55,84.87,20.24,169.78,34.62,27.51,33.79
2023-03-31,39.5,53.16,42.72,81.58,20.2,183.22,37.37,32.35,39.5
2023-04-30,39.75,49.4,41.25,79.51,19.17,184.8,37.71,33.58,39.75
2023-05-31,37.14,44.52,37.7,79.21,17.67,182.32,37.2,30.91,37.14
2023-06-30,35.66,50.82,40.46,83.16,17.95,178.27,36.39,30.11,35.66
2023-07-31,37.66,53.89,43.53,81.67,19.23,182.35,37.2,31.41,37.66
2023-08-31,35.99,52.06,40.14,70.64,18.41,180.02,36.75,29.26,35.99
2023-09-30,32.23,52.5,39.76,66.33,19.16,171.45,34.99,26.91,32.23
2023-10-31,34.71,48.89,36.77,57.85,18.0,183.59,37.47,29.48,34.71
